{
  "type": "api",
  "version": "v4.2.0",
  "data": {
    "id": "d02418ae-ab94-438a-87c1-83b37ef15067",
    "name": "ACME_EN",
    "context": "/acme/en",
    "version": "1.0.0",
    "provider": "admin",
    "lifeCycleStatus": "PUBLISHED",
    "responseCachingEnabled": true,
    "cacheTimeout": 900,
    "hasThumbnail": false,
    "isDefaultVersion": false,
    "isRevision": true,
    "revisionedApiId": "d02418ae-ab94-438a-87c1-83b37ef15067",
    "revisionId": 24,
    "enableSchemaValidation": false,
    "enableSubscriberVerification": false,
    "type": "HTTP",
    "transport": [
      "http",
      "https"
    ],
    "tags": [],
    "policies": [
      "Bronze",
      "Silver",
      "Gold",
      "OneRequest"
    ],
    "authorizationHeader": "Authorization",
    "securityScheme": [
      "oauth2",
      "oauth_basic_auth_api_key_mandatory"
    ],
    "visibility": "PUBLIC",
    "visibleRoles": [],
    "visibleTenants": [],
    "mediationPolicies": [],
    "subscriptionAvailability": "CURRENT_TENANT",
    "subscriptionAvailableTenants": [],
    "additionalProperties": [],
    "additionalPropertiesMap": {},
    "accessControl": "NONE",
    "accessControlRoles": [],
    "businessInformation": {},
    "corsConfiguration": {
      "corsConfigurationEnabled": false,
      "accessControlAllowOrigins": [
        "*"
      ],
      "accessControlAllowCredentials": false,
      "accessControlAllowHeaders": [
        "authorization",
        "Access-Control-Allow-Origin",
        "Content-Type",
        "SOAPAction",
        "apikey",
        "Internal-Key"
      ],
      "accessControlAllowMethods": [
        "GET",
        "PUT",
        "POST",
        "DELETE",
        "PATCH",
        "OPTIONS"
      ]
    },
    "websubSubscriptionConfiguration": {
      "enable": false,
      "secret": "",
      "signingAlgorithm": "SHA1",
      "signatureHeader": "x-hub-signature"
    },
    "createdTime": "1687040683401",
    "lastUpdatedTime": "2023-06-17 23:24:43.401",
    "endpointConfig": {
      "endpoint_type": "http",
      "sandbox_endpoints": {
        "url": "http://localhost:8290/ACME"
      },
      "endpoint_security": {
        "production": {
          "password": "admin",
          "tokenUrl": "",
          "customParameters": {},
          "additionalProperties": {},
          "type": "BASIC",
          "grantType": "",
          "enabled": true,
          "username": "admin"
        },
        "sandbox": {
          "password": "admin",
          "tokenUrl": "",
          "customParameters": {},
          "additionalProperties": {},
          "type": "BASIC",
          "grantType": "",
          "enabled": true,
          "username": "admin"
        }
      },
      "production_endpoints": {
        "url": "http://localhost:8290/ACME"
      }
    },
    "endpointImplementationType": "ENDPOINT",
    "scopes": [
      {
        "scope": {
          "name": "Admin",
          "displayName": "Admin",
          "description": "",
          "bindings": [
            "admin"
          ]
        },
        "shared": true
      },
      {
        "scope": {
          "name": "User",
          "displayName": "User",
          "description": "",
          "bindings": [
            "Internal/integration_dev"
          ]
        },
        "shared": true
      }
    ],
    "operations": [
      {
        "id": "",
        "target": "/products",
        "verb": "GET",
        "authType": "Application \u0026 Application User",
        "throttlingPolicy": "Unlimited",
        "scopes": [
          "Admin",
          "User"
        ],
        "usedProductIds": [],
        "operationPolicies": {
          "request": [],
          "response": [],
          "fault": []
        }
      },
      {
        "id": "",
        "target": "/products",
        "verb": "POST",
        "authType": "Application \u0026 Application User",
        "throttlingPolicy": "Unlimited",
        "scopes": [
          "Admin"
        ],
        "usedProductIds": [],
        "operationPolicies": {
          "request": [],
          "response": [],
          "fault": []
        }
      },
      {
        "id": "",
        "target": "/products/{sku}",
        "verb": "GET",
        "authType": "Application \u0026 Application User",
        "throttlingPolicy": "Unlimited",
        "scopes": [
          "Admin",
          "User"
        ],
        "usedProductIds": [],
        "operationPolicies": {
          "request": [],
          "response": [],
          "fault": []
        }
      },
      {
        "id": "",
        "target": "/products/{sku}",
        "verb": "DELETE",
        "authType": "Application \u0026 Application User",
        "throttlingPolicy": "Unlimited",
        "scopes": [
          "Admin"
        ],
        "usedProductIds": [],
        "operationPolicies": {
          "request": [],
          "response": [],
          "fault": []
        }
      },
      {
        "id": "",
        "target": "/products/{sku}",
        "verb": "PATCH",
        "authType": "Application \u0026 Application User",
        "throttlingPolicy": "Unlimited",
        "scopes": [
          "Admin"
        ],
        "usedProductIds": [],
        "operationPolicies": {
          "request": [],
          "response": [],
          "fault": []
        }
      },
      {
        "id": "",
        "target": "/products/designation/{designation}",
        "verb": "GET",
        "authType": "Application \u0026 Application User",
        "throttlingPolicy": "Unlimited",
        "scopes": [
          "Admin",
          "User"
        ],
        "usedProductIds": [],
        "operationPolicies": {
          "request": [],
          "response": [],
          "fault": []
        }
      },
      {
        "id": "",
        "target": "/products/{sku}/reviews/{status}",
        "verb": "GET",
        "authType": "Application \u0026 Application User",
        "throttlingPolicy": "Unlimited",
        "scopes": [
          "Admin",
          "User"
        ],
        "usedProductIds": [],
        "operationPolicies": {
          "request": [],
          "response": [],
          "fault": []
        }
      },
      {
        "id": "",
        "target": "/reviews/{userID}",
        "verb": "GET",
        "authType": "Application \u0026 Application User",
        "throttlingPolicy": "Unlimited",
        "scopes": [
          "Admin",
          "User"
        ],
        "usedProductIds": [],
        "operationPolicies": {
          "request": [],
          "response": [],
          "fault": []
        }
      },
      {
        "id": "",
        "target": "/reviews/pending",
        "verb": "GET",
        "authType": "Application \u0026 Application User",
        "throttlingPolicy": "Unlimited",
        "scopes": [
          "Admin",
          "User"
        ],
        "usedProductIds": [],
        "operationPolicies": {
          "request": [],
          "response": [],
          "fault": []
        }
      },
      {
        "id": "",
        "target": "/products/{sku}/reviews",
        "verb": "POST",
        "authType": "Application \u0026 Application User",
        "throttlingPolicy": "Unlimited",
        "scopes": [
          "Admin",
          "User"
        ],
        "usedProductIds": [],
        "operationPolicies": {
          "request": [],
          "response": [],
          "fault": []
        }
      },
      {
        "id": "",
        "target": "/reviews/{reviewID}",
        "verb": "DELETE",
        "authType": "Application \u0026 Application User",
        "throttlingPolicy": "Unlimited",
        "scopes": [
          "Admin",
          "User"
        ],
        "usedProductIds": [],
        "operationPolicies": {
          "request": [],
          "response": [],
          "fault": []
        }
      },
      {
        "id": "",
        "target": "/reviews/acceptreject/{reviewID}",
        "verb": "PUT",
        "authType": "Application \u0026 Application User",
        "throttlingPolicy": "Unlimited",
        "scopes": [
          "Admin"
        ],
        "usedProductIds": [],
        "operationPolicies": {
          "request": [],
          "response": [],
          "fault": []
        }
      },
      {
        "id": "",
        "target": "/votes",
        "verb": "GET",
        "authType": "Application \u0026 Application User",
        "throttlingPolicy": "Unlimited",
        "scopes": [
          "Admin",
          "User"
        ],
        "usedProductIds": [],
        "operationPolicies": {
          "request": [],
          "response": [],
          "fault": []
        }
      },
      {
        "id": "",
        "target": "/votes/{voteID}",
        "verb": "GET",
        "authType": "Application \u0026 Application User",
        "throttlingPolicy": "Unlimited",
        "scopes": [
          "Admin",
          "User"
        ],
        "usedProductIds": [],
        "operationPolicies": {
          "request": [],
          "response": [],
          "fault": []
        }
      },
      {
        "id": "",
        "target": "/votes/{voteID}",
        "verb": "DELETE",
        "authType": "Application \u0026 Application User",
        "throttlingPolicy": "Unlimited",
        "scopes": [
          "Admin",
          "User"
        ],
        "usedProductIds": [],
        "operationPolicies": {
          "request": [],
          "response": [],
          "fault": []
        }
      },
      {
        "id": "",
        "target": "/votes/{voteID}",
        "verb": "PATCH",
        "authType": "Application \u0026 Application User",
        "throttlingPolicy": "Unlimited",
        "scopes": [
          "Admin",
          "User"
        ],
        "usedProductIds": [],
        "operationPolicies": {
          "request": [],
          "response": [],
          "fault": []
        }
      },
      {
        "id": "",
        "target": "/review/{reviewUuid}/votes",
        "verb": "POST",
        "authType": "Application \u0026 Application User",
        "throttlingPolicy": "Unlimited",
        "scopes": [
          "Admin",
          "User"
        ],
        "usedProductIds": [],
        "operationPolicies": {
          "request": [],
          "response": [],
          "fault": []
        }
      },
      {
        "id": "",
        "target": "/noreview/{sku}/votes",
        "verb": "POST",
        "authType": "Application \u0026 Application User",
        "throttlingPolicy": "Unlimited",
        "scopes": [
          "Admin",
          "User"
        ],
        "usedProductIds": [],
        "operationPolicies": {
          "request": [],
          "response": [],
          "fault": []
        }
      },
      {
        "id": "",
        "target": "/reviews/quantityByUser/{user}",
        "verb": "GET",
        "authType": "Application \u0026 Application User",
        "throttlingPolicy": "Unlimited",
        "scopes": [
          "Admin",
          "User"
        ],
        "usedProductIds": [],
        "operationPolicies": {
          "request": [],
          "response": [],
          "fault": []
        }
      },
      {
        "id": "",
        "target": "/products/{voteType}/moreThan/{percentage}",
        "verb": "GET",
        "authType": "Application \u0026 Application User",
        "throttlingPolicy": "Unlimited",
        "scopes": [
          "Admin",
          "User"
        ],
        "usedProductIds": [],
        "operationPolicies": {
          "request": [],
          "response": [],
          "fault": []
        }
      },
      {
        "id": "",
        "target": "/products/{voteType}/lower/{percentage}",
        "verb": "GET",
        "authType": "Application \u0026 Application User",
        "throttlingPolicy": "Unlimited",
        "scopes": [
          "Admin",
          "User"
        ],
        "usedProductIds": [],
        "operationPolicies": {
          "request": [],
          "response": [],
          "fault": []
        }
      },
      {
        "id": "",
        "target": "/reviews/{userID}/{voteType}/moreXvotes/{numberOfVotes}",
        "verb": "GET",
        "authType": "Application \u0026 Application User",
        "throttlingPolicy": "Unlimited",
        "scopes": [
          "Admin",
          "User"
        ],
        "usedProductIds": [],
        "operationPolicies": {
          "request": [],
          "response": [],
          "fault": []
        }
      },
      {
        "id": "",
        "target": "/reviews/{userID}/{voteType}/lessXvotes/{numberOfVotes}",
        "verb": "GET",
        "authType": "Application \u0026 Application User",
        "throttlingPolicy": "Unlimited",
        "scopes": [
          "Admin",
          "User"
        ],
        "usedProductIds": [],
        "operationPolicies": {
          "request": [],
          "response": [],
          "fault": []
        }
      }
    ],
    "categories": [],
    "keyManagers": [
      "all"
    ],
    "advertiseInfo": {
      "advertised": false,
      "apiOwner": "admin",
      "vendor": "WSO2"
    },
    "gatewayVendor": "wso2",
    "gatewayType": "wso2/synapse",
    "asyncTransportProtocols": [],
    "organizationId": "carbon.super"
  }
}