{
  "type": "api",
  "version": "v4.2.0",
  "data": {
    "id": "c6b17439-fa73-4d33-a618-bf5b18176cd8",
    "name": "ACME_PT",
    "context": "/acme_pt",
    "version": "1.0.0",
    "provider": "admin",
    "lifeCycleStatus": "PUBLISHED",
    "responseCachingEnabled": true,
    "cacheTimeout": 900,
    "hasThumbnail": false,
    "isDefaultVersion": false,
    "isRevision": true,
    "revisionedApiId": "c6b17439-fa73-4d33-a618-bf5b18176cd8",
    "revisionId": 21,
    "enableSchemaValidation": false,
    "enableSubscriberVerification": false,
    "type": "HTTP",
    "transport": [
      "http",
      "https"
    ],
    "tags": [],
    "policies": [
      "Bronze",
      "Gold",
      "Silver",
      "OneRequest"
    ],
    "authorizationHeader": "Authorization",
    "securityScheme": [
      "oauth2",
      "oauth_basic_auth_api_key_mandatory"
    ],
    "visibility": "PUBLIC",
    "visibleRoles": [],
    "visibleTenants": [],
    "mediationPolicies": [],
    "subscriptionAvailability": "CURRENT_TENANT",
    "subscriptionAvailableTenants": [],
    "additionalProperties": [],
    "additionalPropertiesMap": {},
    "accessControl": "NONE",
    "accessControlRoles": [],
    "businessInformation": {},
    "corsConfiguration": {
      "corsConfigurationEnabled": false,
      "accessControlAllowOrigins": [
        "*"
      ],
      "accessControlAllowCredentials": false,
      "accessControlAllowHeaders": [
        "authorization",
        "Access-Control-Allow-Origin",
        "Content-Type",
        "SOAPAction",
        "apikey",
        "Internal-Key"
      ],
      "accessControlAllowMethods": [
        "GET",
        "PUT",
        "POST",
        "DELETE",
        "PATCH",
        "OPTIONS"
      ]
    },
    "websubSubscriptionConfiguration": {
      "enable": false,
      "secret": "",
      "signingAlgorithm": "SHA1",
      "signatureHeader": "x-hub-signature"
    },
    "createdTime": "1687104262292",
    "lastUpdatedTime": "2023-06-18 17:04:22.292",
    "endpointConfig": {
      "endpoint_type": "http",
      "sandbox_endpoints": {
        "url": "http://localhost:8290/ACME"
      },
      "production_endpoints": {
        "url": "http://localhost:8290/ACME"
      }
    },
    "endpointImplementationType": "ENDPOINT",
    "scopes": [
      {
        "scope": {
          "name": "Admin",
          "displayName": "Admin",
          "description": "",
          "bindings": [
            "admin"
          ]
        },
        "shared": true
      },
      {
        "scope": {
          "name": "User",
          "displayName": "User",
          "description": "",
          "bindings": [
            "Internal/integration_dev"
          ]
        },
        "shared": true
      }
    ],
    "operations": [
      {
        "id": "",
        "target": "/produtos",
        "verb": "GET",
        "authType": "Application \u0026 Application User",
        "throttlingPolicy": "Unlimited",
        "scopes": [
          "Admin",
          "User"
        ],
        "usedProductIds": [],
        "operationPolicies": {
          "request": [
            {
              "policyName": "rewriteResourcePath",
              "policyVersion": "v3",
              "policyId": "f88df747-c1dd-4d3d-8b1a-bdd43f52cf28",
              "parameters": {
                "newResourcePath": "/products",
                "includeQueryParams": "true"
              }
            }
          ],
          "response": [],
          "fault": []
        }
      },
      {
        "id": "",
        "target": "/produtos",
        "verb": "POST",
        "authType": "Application \u0026 Application User",
        "throttlingPolicy": "Unlimited",
        "scopes": [
          "Admin"
        ],
        "usedProductIds": [],
        "operationPolicies": {
          "request": [
            {
              "policyName": "rewriteResourcePath",
              "policyVersion": "v3",
              "policyId": "f88df747-c1dd-4d3d-8b1a-bdd43f52cf28",
              "parameters": {
                "newResourcePath": "/products",
                "includeQueryParams": "true"
              }
            }
          ],
          "response": [],
          "fault": []
        }
      },
      {
        "id": "",
        "target": "/produtos/{sku}",
        "verb": "GET",
        "authType": "Application \u0026 Application User",
        "throttlingPolicy": "Unlimited",
        "scopes": [
          "Admin",
          "User"
        ],
        "usedProductIds": [],
        "operationPolicies": {
          "request": [
            {
              "policyName": "productsBySku",
              "policyVersion": "v1",
              "policyId": "feefa2e8-d779-4519-a3cf-29c426dbac1c",
              "parameters": {}
            }
          ],
          "response": [],
          "fault": []
        }
      },
      {
        "id": "",
        "target": "/produtos/{sku}",
        "verb": "DELETE",
        "authType": "Application \u0026 Application User",
        "throttlingPolicy": "Unlimited",
        "scopes": [
          "Admin"
        ],
        "usedProductIds": [],
        "operationPolicies": {
          "request": [
            {
              "policyName": "productsBySku",
              "policyVersion": "v1",
              "policyId": "feefa2e8-d779-4519-a3cf-29c426dbac1c",
              "parameters": {}
            }
          ],
          "response": [],
          "fault": []
        }
      },
      {
        "id": "",
        "target": "/produtos/{sku}",
        "verb": "PATCH",
        "authType": "Application \u0026 Application User",
        "throttlingPolicy": "Unlimited",
        "scopes": [
          "Admin"
        ],
        "usedProductIds": [],
        "operationPolicies": {
          "request": [
            {
              "policyName": "productsBySku",
              "policyVersion": "v1",
              "policyId": "feefa2e8-d779-4519-a3cf-29c426dbac1c",
              "parameters": {}
            }
          ],
          "response": [],
          "fault": []
        }
      },
      {
        "id": "",
        "target": "/produtos/designacao/{designacao}",
        "verb": "GET",
        "authType": "Application \u0026 Application User",
        "throttlingPolicy": "Unlimited",
        "scopes": [
          "Admin",
          "User"
        ],
        "usedProductIds": [],
        "operationPolicies": {
          "request": [
            {
              "policyName": "productsDesignation",
              "policyVersion": "v1",
              "policyId": "054ab71a-6e70-4bd2-a3cd-7e18ec04917e",
              "parameters": {}
            }
          ],
          "response": [],
          "fault": []
        }
      },
      {
        "id": "",
        "target": "/produtos/{sku}/criticas/{status}",
        "verb": "GET",
        "authType": "Application \u0026 Application User",
        "throttlingPolicy": "Unlimited",
        "scopes": [
          "Admin",
          "User"
        ],
        "usedProductIds": [],
        "operationPolicies": {
          "request": [
            {
              "policyName": "ProductSkuReviewsStatus",
              "policyVersion": "v1",
              "policyId": "646d7594-f62c-4649-9519-7fc7f6790f92",
              "parameters": {}
            }
          ],
          "response": [],
          "fault": []
        }
      },
      {
        "id": "",
        "target": "/criticas/pendente",
        "verb": "GET",
        "authType": "Application \u0026 Application User",
        "throttlingPolicy": "Unlimited",
        "scopes": [
          "Admin",
          "User"
        ],
        "usedProductIds": [],
        "operationPolicies": {
          "request": [
            {
              "policyName": "rewriteResourcePath",
              "policyVersion": "v3",
              "policyId": "f88df747-c1dd-4d3d-8b1a-bdd43f52cf28",
              "parameters": {
                "newResourcePath": "/reviews/pending",
                "includeQueryParams": "true"
              }
            }
          ],
          "response": [],
          "fault": []
        }
      },
      {
        "id": "",
        "target": "/produtos/{sku}/criticas",
        "verb": "POST",
        "authType": "Application \u0026 Application User",
        "throttlingPolicy": "Unlimited",
        "scopes": [
          "Admin",
          "User"
        ],
        "usedProductIds": [],
        "operationPolicies": {
          "request": [
            {
              "policyName": "ProductsSkuReviews",
              "policyVersion": "v1",
              "policyId": "f0a2b412-9e16-4510-b9fa-4b65d31e91d0",
              "parameters": {}
            }
          ],
          "response": [],
          "fault": []
        }
      },
      {
        "id": "",
        "target": "/criticas/{criticaID}",
        "verb": "DELETE",
        "authType": "Application \u0026 Application User",
        "throttlingPolicy": "Unlimited",
        "scopes": [
          "Admin",
          "User"
        ],
        "usedProductIds": [],
        "operationPolicies": {
          "request": [
            {
              "policyName": "ReviewID",
              "policyVersion": "v1",
              "policyId": "3a2f8443-7b91-4dd7-93a5-69e8c2a5df6d",
              "parameters": {}
            }
          ],
          "response": [],
          "fault": []
        }
      },
      {
        "id": "",
        "target": "/criticas/aceiterejeitada/{criticaID}",
        "verb": "PUT",
        "authType": "Application \u0026 Application User",
        "throttlingPolicy": "Unlimited",
        "scopes": [
          "Admin"
        ],
        "usedProductIds": [],
        "operationPolicies": {
          "request": [
            {
              "policyName": "ReviewsAcceptRejectReviewID",
              "policyVersion": "v1",
              "policyId": "1cc00970-8083-44b1-8751-3b2ee2c6047f",
              "parameters": {}
            }
          ],
          "response": [],
          "fault": []
        }
      },
      {
        "id": "",
        "target": "/votos",
        "verb": "GET",
        "authType": "Application \u0026 Application User",
        "throttlingPolicy": "Unlimited",
        "scopes": [
          "Admin",
          "User"
        ],
        "usedProductIds": [],
        "operationPolicies": {
          "request": [
            {
              "policyName": "rewriteResourcePath",
              "policyVersion": "v3",
              "policyId": "f88df747-c1dd-4d3d-8b1a-bdd43f52cf28",
              "parameters": {
                "newResourcePath": "/votes",
                "includeQueryParams": "true"
              }
            }
          ],
          "response": [],
          "fault": []
        }
      },
      {
        "id": "",
        "target": "/votos/{voteID}",
        "verb": "GET",
        "authType": "Application \u0026 Application User",
        "throttlingPolicy": "Unlimited",
        "scopes": [
          "Admin",
          "User"
        ],
        "usedProductIds": [],
        "operationPolicies": {
          "request": [
            {
              "policyName": "VotesByID",
              "policyVersion": "v1",
              "policyId": "9b2fba6c-1c09-4fa7-9ef1-1f78e6c2a5a8",
              "parameters": {}
            }
          ],
          "response": [],
          "fault": []
        }
      },
      {
        "id": "",
        "target": "/votos/{voteID}",
        "verb": "DELETE",
        "authType": "Application \u0026 Application User",
        "throttlingPolicy": "Unlimited",
        "scopes": [
          "Admin",
          "User"
        ],
        "usedProductIds": [],
        "operationPolicies": {
          "request": [
            {
              "policyName": "VotesByID",
              "policyVersion": "v1",
              "policyId": "9b2fba6c-1c09-4fa7-9ef1-1f78e6c2a5a8",
              "parameters": {}
            }
          ],
          "response": [],
          "fault": []
        }
      },
      {
        "id": "",
        "target": "/votos/{voteID}",
        "verb": "PATCH",
        "authType": "Application \u0026 Application User",
        "throttlingPolicy": "Unlimited",
        "scopes": [
          "Admin",
          "User"
        ],
        "usedProductIds": [],
        "operationPolicies": {
          "request": [
            {
              "policyName": "VotesByID",
              "policyVersion": "v1",
              "policyId": "9b2fba6c-1c09-4fa7-9ef1-1f78e6c2a5a8",
              "parameters": {}
            }
          ],
          "response": [],
          "fault": []
        }
      },
      {
        "id": "",
        "target": "/critica/{criticaUuid}/votos",
        "verb": "POST",
        "authType": "Application \u0026 Application User",
        "throttlingPolicy": "Unlimited",
        "scopes": [
          "Admin",
          "User"
        ],
        "usedProductIds": [],
        "operationPolicies": {
          "request": [
            {
              "policyName": "ReviewUUIDVotes",
              "policyVersion": "v1",
              "policyId": "8638e18f-0ca2-4f35-bab9-9dd7f5fea8ea",
              "parameters": {}
            }
          ],
          "response": [],
          "fault": []
        }
      },
      {
        "id": "",
        "target": "/semcritica/{sku}/votos",
        "verb": "POST",
        "authType": "Application \u0026 Application User",
        "throttlingPolicy": "Unlimited",
        "scopes": [
          "Admin",
          "User"
        ],
        "usedProductIds": [],
        "operationPolicies": {
          "request": [
            {
              "policyName": "VotesWithNoReview",
              "policyVersion": "v1",
              "policyId": "e2693382-1dbe-43e2-aac1-38b1c8727319",
              "parameters": {}
            }
          ],
          "response": [],
          "fault": []
        }
      },
      {
        "id": "",
        "target": "/produtos/{tipoDeVoto}/maisDe/{percentagem}",
        "verb": "GET",
        "authType": "Application \u0026 Application User",
        "throttlingPolicy": "Unlimited",
        "scopes": [
          "Admin",
          "User"
        ],
        "usedProductIds": [],
        "operationPolicies": {
          "request": [
            {
              "policyName": "ProductsMoreVotePercentage",
              "policyVersion": "v1",
              "policyId": "08482a83-3bf9-43a0-b803-f6d23c90c693",
              "parameters": {}
            }
          ],
          "response": [],
          "fault": []
        }
      },
      {
        "id": "",
        "target": "/produtos/{tipoDeVoto}/menos/{percentagem}",
        "verb": "GET",
        "authType": "Application \u0026 Application User",
        "throttlingPolicy": "Unlimited",
        "scopes": [
          "Admin",
          "User"
        ],
        "usedProductIds": [],
        "operationPolicies": {
          "request": [
            {
              "policyName": "ProductsLessVotePercentage",
              "policyVersion": "v1",
              "policyId": "1f5593b9-b843-467d-bca0-02cd2440e03f",
              "parameters": {}
            }
          ],
          "response": [],
          "fault": []
        }
      },
      {
        "id": "",
        "target": "/criticas/{utilizador}",
        "verb": "GET",
        "authType": "Application \u0026 Application User",
        "throttlingPolicy": "Unlimited",
        "scopes": [
          "Admin",
          "User"
        ],
        "usedProductIds": [],
        "operationPolicies": {
          "request": [
            {
              "policyName": "ReviewsByUser",
              "policyVersion": "v1",
              "policyId": "d4473a74-ff03-4259-ba62-ea36ed60f6af",
              "parameters": {}
            }
          ],
          "response": [],
          "fault": []
        }
      },
      {
        "id": "",
        "target": "/criticas/quantidadePorUtilizador/{utilizador}",
        "verb": "GET",
        "authType": "Application \u0026 Application User",
        "throttlingPolicy": "Unlimited",
        "scopes": [
          "Admin",
          "User"
        ],
        "usedProductIds": [],
        "operationPolicies": {
          "request": [
            {
              "policyName": "QuantityofReviewscreatedbyuseru1",
              "policyVersion": "v1",
              "policyId": "0d34fb7f-2a21-44c1-9dde-090bf4726a21",
              "parameters": {}
            }
          ],
          "response": [],
          "fault": []
        }
      },
      {
        "id": "",
        "target": "/criticas/{utilizador}/{tipoDeVoto}/maisXvotos/{numeroDeVotos}",
        "verb": "GET",
        "authType": "Application \u0026 Application User",
        "throttlingPolicy": "Unlimited",
        "scopes": [
          "Admin",
          "User"
        ],
        "usedProductIds": [],
        "operationPolicies": {
          "request": [
            {
              "policyName": "Reviewswithmorethann1updownvotes",
              "policyVersion": "v1",
              "policyId": "6323f2e6-2658-4ff0-8991-a1c6e8922fa0",
              "parameters": {}
            }
          ],
          "response": [],
          "fault": []
        }
      },
      {
        "id": "",
        "target": "/criticas/{utilizador}/{tipoDeVoto}/menosXvotos/{numeroDeVotos}",
        "verb": "GET",
        "authType": "Application \u0026 Application User",
        "throttlingPolicy": "Unlimited",
        "scopes": [
          "Admin",
          "User"
        ],
        "usedProductIds": [],
        "operationPolicies": {
          "request": [
            {
              "policyName": "Reviewswithlessthann1updownvotes",
              "policyVersion": "v1",
              "policyId": "2c875734-f977-4b94-af58-efc4ce376b27",
              "parameters": {}
            }
          ],
          "response": [],
          "fault": []
        }
      }
    ],
    "categories": [],
    "keyManagers": [
      "all"
    ],
    "advertiseInfo": {
      "advertised": false,
      "apiOwner": "admin",
      "vendor": "WSO2"
    },
    "gatewayVendor": "wso2",
    "gatewayType": "wso2/synapse",
    "asyncTransportProtocols": [],
    "organizationId": "carbon.super"
  }
}